1, Cletis, Sibery, csibery0@themeforest.net, Male, Sweden
2, Davin, Crossthwaite, dcrossthwaite1@parallels.com, Male, Brazil
3, Rudiger, Dearn, rdearn2@mail.ru, Male, Albania
4, Grier, Remnant, gremnant3@bbb.org, Female, Dominican Republic
5, Rivalee, Bricknell, rbricknell4@dagondesign.com, Female, Guatemala
6, Rodney, Crux, rcrux5@hao123.com, Male, Azerbaijan
7, Sigmund, Gregorace, sgregorace6@cdbaby.com, Male, Thailand
8, Nancy, Rizzi, nrizzi7@google.it, Female, France
9, Caritta, Tidcomb, ctidcomb8@phoca.cz, Female, Philippines
10, Fee, Fraczkiewicz, ffraczkiewicz9@dot.gov, Male, South Korea
11, Jamima, Morton, jmortona@timesonline.co.uk, Female, Cameroon
12, Georgie, Bottby, gbottbyb@adobe.com, Male, Poland
13, Gaelan, Raunds, graundsc@godaddy.com, Male, United States
14, Idelle, Justice, ijusticed@nationalgeographic.com, Female, China
15, Anet, Cluett, acluette@clickbank.net, Female, Portugal
16, Artair, Gariff, agarifff@mysql.com, Male, United States
17, Bordie, Grinter, bgrinterg@globo.com, Male, Russia
18, Brina, Prestige, bprestigeh@independent.co.uk, Female, Slovenia
19, Sylvia, Gheorghe, sgheorghei@booking.com, Female, Philippines
20, Arny, Josipovic, ajosipovicj@chron.com, Male, Greece
21, Ado, Shearman, ashearmank@msn.com, Male, Armenia
22, Bar, Hallard, bhallardl@noaa.gov, Male, Palestinian Territory
23, Leyla, Bilbery, lbilberym@washington.edu, Female, Cuba
24, Foster, MacGillreich, fmacgillreichn@ehow.com, Male, Turkmenistan
25, Coretta, Ziemsen, cziemseno@senate.gov, Female, China
26, Hastings, Tobin, htobinp@jugem.jp, Male, Burundi
27, Emogene, Abrahmovici, eabrahmoviciq@cnbc.com, Female, Reunion
28, Sheridan, Haughan, shaughanr@ted.com, Male, Philippines
29, Lloyd, Botly, lbotlys@bigcartel.com, Male, Switzerland
30, Bink, Janzen, bjanzent@list-manage.com, Male, Philippines
31, Carry, Ondrus, condrusu@scientificamerican.com, Female, Ghana
32, Mireielle, Petkens, mpetkensv@cloudflare.com, Female, Japan
33, Pen, Lorryman, plorrymanw@ca.gov, Male, Dominican Republic
34, Onida, Dennington, odenningtonx@digg.com, Female, Cuba
35, Frank, Jahndel, fjahndely@dmoz.org, Male, China
36, Aubert, Vasilischev, avasilischevz@ucoz.ru, Male, Vietnam
37, Daisey, Axell, daxell10@istockphoto.com, Female, Thailand
38, Susanne, Abrahamsohn, sabrahamsohn11@blogs.com, Female, Mozambique
39, Gwyneth, Inglis, ginglis12@walmart.com, Female, Peru
40, Ruthanne, Ridgway, rridgway13@shop-pro.jp, Female, Sweden
41, Faythe, Temperley, ftemperley14@360.cn, Female, China
42, Demetra, Fenkel, dfenkel15@facebook.com, Female, Serbia
43, Henrik, Fellgate, hfellgate16@sun.com, Male, China
44, Clare, Alishoner, calishoner17@nbcnews.com, Male, Indonesia
45, Ryun, Brogden, rbrogden18@github.io, Male, Pakistan
46, Carce, Huriche, churiche19@tuttocitta.it, Male, Philippines
47, Glendon, Janecek, gjanecek1a@nhs.uk, Male, Argentina
48, Ferrel, Hargess, fhargess1b@microsoft.com, Male, China
49, Daren, Suddards, dsuddards1c@hatena.ne.jp, Male, China
50, Brendis, Tadlow, btadlow1d@blogger.com, Male, China
51, Tabina, Oldham, toldham1e@about.com, Female, China
52, Claiborn, Adaway, cadaway1f@gizmodo.com, Male, China
53, Eleonore, Cavill, ecavill1g@examiner.com, Female, Guatemala
54, Allene, Buttle, abuttle1h@dyndns.org, Female, Kosovo
55, Nellie, Reidshaw, nreidshaw1i@imgur.com, Female, Brazil
56, Jedediah, Peart, jpeart1j@netlog.com, Male, Brazil
57, Dory, Ollivier, dollivier1k@vk.com, Female, Bosnia and Herzegovina
58, Clive, Hutson, chutson1l@flickr.com, Male, China
59, Travers, Oldnall, toldnall1m@fema.gov, Male, Peru
60, Susanetta, Haith, shaith1n@youtu.be, Female, United States
61, Ezechiel, McCrann, emccrann1o@buzzfeed.com, Male, Malaysia
62, Siouxie, Tiernan, stiernan1p@e-recht24.de, Female, China
63, Tallie, ORegan, toregan1q@slashdot.org, Female, Ivory Coast
64, Isidro, OKinedy, iokinedy1r@google.es, Male, China
65, Bernarr, Pearsall, bpearsall1s@europa.eu, Male, Japan
66, Leesa, Loveredge, lloveredge1t@mozilla.com, Female, Argentina
67, Duane, Jerome, djerome1u@telegraph.co.uk, Male, Mexico
68, Federica, Papa, fpapa1v@ning.com, Female, Indonesia
69, Clare, Forsyth, cforsyth1w@woothemes.com, Male, Comoros
70, Milzie, Spadollini, mspadollini1x@last.fm, Female, United States
71, Rupert, Woolmore, rwoolmore1y@uiuc.edu, Male, Russia
72, Viv, Marte, vmarte1z@godaddy.com, Female, Ukraine
73, Steward, Eate, seate20@ifeng.com, Male, Brazil
74, Claudio, Bouchard, cbouchard21@rambler.ru, Male, Russia
75, Rawley, Sandells, rsandells22@privacy.gov.au, Male, Thailand
76, Em, Vasiltsov, evasiltsov23@whitehouse.gov, Male, Bosnia and Herzegovina
77, Elga, Harradence, eharradence24@woothemes.com, Female, Somalia
78, Elaine, Klimentyev, eklimentyev25@marriott.com, Female, Netherlands
79, Janka, Passingham, jpassingham26@indiegogo.com, Female, Poland
80, Verena, Macallam, vmacallam27@friendfeed.com, Female, Indonesia
81, Orlando, Sonley, osonley28@goo.ne.jp, Male, China
82, Tatiania, Fontenot, tfontenot29@irs.gov, Female, France
83, Thomasina, Melling, tmelling2a@tinyurl.com, Female, China
84, Maddy, Polack, mpolack2b@mayoclinic.com, Male, Poland
85, Lorin, Asche, lasche2c@networkadvertising.org, Male, Portugal
86, Giovanni, Crosser, gcrosser2d@epa.gov, Male, Philippines
87, Whitney, Gilbeart, wgilbeart2e@hugedomains.com, Female, Democratic Republic of the Congo
88, Celie, Alabone, calabone2f@archive.org, Female, Indonesia
89, Meyer, Veelers, mveelers2g@pinterest.com, Male, Guatemala
90, Phyllis, Gavini, pgavini2h@typepad.com, Female, Iran
91, Torry, Delacourt, tdelacourt2i@yale.edu, Male, Norway
92, Standford, Keppy, skeppy2j@paginegialle.it, Male, China
93, Gregory, Ladbrook, gladbrook2k@typepad.com, Male, Yemen
94, Darill, Seckom, dseckom2l@angelfire.com, Male, Azerbaijan
95, Arlen, Cazereau, acazereau2m@virginia.edu, Male, Croatia
96, Izak, Halligan, ihalligan2n@miitbeian.gov.cn, Male, China
97, Dulsea, Tine, dtine2o@infoseek.co.jp, Female, Pakistan
98, Liam, Wellesley, lwellesley2p@barnesandnoble.com, Male, Poland
99, Sigvard, Freestone, sfreestone2q@multiply.com, Male, Armenia
100, Arabelle, Norheny, anorheny2r@g.co, Female, Mexico
101, Calv, Henstone, chenstone2s@mapy.cz, Male, France
102, Janis, Labram, jlabram2t@clickbank.net, Female, Mexico
103, Ellette, Murray, emurray2u@angelfire.com, Female, South Africa
104, Minny, Forrestill, mforrestill2v@nbcnews.com, Female, Malaysia
105, Giavani, Cuphus, gcuphus2w@jiathis.com, Male, Brazil
106, Phaidra, Windmill, pwindmill2x@hugedomains.com, Female, Bosnia and Herzegovina
107, Milicent, McCaffrey, mmccaffrey2y@tumblr.com, Female, Poland
108, Betsy, Greiswood, bgreiswood2z@mit.edu, Female, Russia
109, Benjamin, Joe, bjoe30@soundcloud.com, Male, Sweden
110, Pattie, Robillart, probillart31@goodreads.com, Male, Vietnam
111, Skylar, Siemons, ssiemons32@studiopress.com, Male, Philippines
112, Carole, Elderbrant, celderbrant33@vkontakte.ru, Female, Morocco
113, Rowe, Ezzy, rezzy34@uiuc.edu, Female, Zimbabwe
114, Cesar, Herreran, cherreran35@cyberchimps.com, Male, Poland
115, Emory, Tourmell, etourmell36@photobucket.com, Male, Afghanistan
116, Bernie, Leneve, bleneve37@nifty.com, Male, China
117, Brittney, Jacobowits, bjacobowits38@reuters.com, Female, Palestinian Territory
118, Marlow, Wayon, mwayon39@altervista.org, Male, China
119, Gunter, Tattersdill, gtattersdill3a@arstechnica.com, Male, Czech Republic
120, Taryn, McShirrie, tmcshirrie3b@merriam-webster.com, Female, Indonesia
121, Parry, Tarbath, ptarbath3c@forbes.com, Male, Bulgaria
122, Hayward, Rosina, hrosina3d@tamu.edu, Male, Afghanistan
123, Herold, Rubenov, hrubenov3e@army.mil, Male, Brazil
124, Kirstyn, Tiery, ktiery3f@123-reg.co.uk, Female, Denmark
125, Theresina, Showler, tshowler3g@dion.ne.jp, Female, Colombia
126, Chic, Laffranconi, claffranconi3h@sourceforge.net, Male, South Africa
127, Boycey, Kindley, bkindley3i@youtube.com, Male, Portugal
128, Allayne, Harriss, aharriss3j@mapy.cz, Male, Venezuela
129, Marylee, Elnough, melnough3k@constantcontact.com, Female, Vietnam
130, Antin, Shotter, ashotter3l@nba.com, Male, China
131, Filide, De Bischop, fdebischop3m@oakley.com, Female, Russia
132, Lisette, Ellard, lellard3n@mail.ru, Female, Monaco
133, Thurstan, Skypp, tskypp3o@dailymail.co.uk, Male, New Zealand
134, Garv, Lening, glening3p@yahoo.co.jp, Male, Indonesia
135, Cob, Gabbitas, cgabbitas3q@wufoo.com, Male, China
136, Marsh, Tosdevin, mtosdevin3r@1688.com, Male, Indonesia
137, Rickard, Swadling, rswadling3s@epa.gov, Male, Gabon
138, Eran, Oddey, eoddey3t@oracle.com, Female, China
139, Krystyna, Beaconsall, kbeaconsall3u@accuweather.com, Female, China
140, Keefer, Fearfull, kfearfull3v@wired.com, Male, Russia
141, Lotti, De Laci, ldelaci3w@house.gov, Female, United States
142, Romeo, Tomaszek, rtomaszek3x@slideshare.net, Male, Indonesia
143, Selina, OGrogane, sogrogane3y@dell.com, Female, Poland
144, Faulkner, Pervew, fpervew3z@feedburner.com, Male, Indonesia
145, Aubry, Botten, abotten40@bbb.org, Female, Ethiopia
146, Randie, Adrain, radrain41@ebay.co.uk, Male, Canada
147, Juline, Mantram, jmantram42@timesonline.co.uk, Female, Costa Rica
148, Humberto, Valentino, hvalentino43@earthlink.net, Male, China
149, Friedrick, Deville, fdeville44@mapy.cz, Male, China
150, Sibel, Townshend, stownshend45@comsenz.com, Female, Nigeria
151, Rhody, Skippings, rskippings46@hud.gov, Female, Russia
152, Maurita, Whate, mwhate47@unesco.org, Female, Mauritius
153, Adriano, Shardlow, ashardlow48@1und1.de, Male, Ukraine
154, Damon, MacPhail, dmacphail49@sciencedaily.com, Male, Peru
155, Denys, Bakey, dbakey4a@cbsnews.com, Male, Slovenia
156, Binnie, Bolsover, bbolsover4b@prnewswire.com, Female, Sudan
157, Tuck, Lefridge, tlefridge4c@furl.net, Male, Mexico
158, Mikael, Crysell, mcrysell4d@xing.com, Male, Russia
159, Jaquenette, Pleasaunce, jpleasaunce4e@networksolutions.com, Female, Philippines
160, Yolane, Gullivan, ygullivan4f@buzzfeed.com, Female, Indonesia
161, Seth, Patry, spatry4g@gravatar.com, Male, China
162, Merrili, Ralph, mralph4h@networkadvertising.org, Female, Philippines
163, Isidore, Goult, igoult4i@economist.com, Male, Slovenia
164, Blancha, McCosker, bmccosker4j@edublogs.org, Female, Ireland
165, Zola, Eastway, zeastway4k@bandcamp.com, Female, Canada
166, Pyotr, Beedle, pbeedle4l@si.edu, Male, Iran
167, Zach, Callaby, zcallaby4m@alibaba.com, Male, Kazakhstan
168, Maddi, Undrell, mundrell4n@time.com, Female, China
169, Miguel, Rack, mrack4o@godaddy.com, Male, Philippines
170, Alric, Bennitt, abennitt4p@tmall.com, Male, Sweden
171, Gloriane, Whittuck, gwhittuck4q@soundcloud.com, Female, Lithuania
172, Marlin, Jeffray, mjeffray4r@flickr.com, Male, United States
173, Bonnee, Weiner, bweiner4s@topsy.com, Female, Poland
174, Lorrie, Zimek, lzimek4t@independent.co.uk, Male, Russia
175, Adey, Cridlan, acridlan4u@nps.gov, Female, Tanzania
176, Dorolice, Grote, dgrote4v@indiegogo.com, Female, Jordan
177, Lottie, Edmunds, ledmunds4w@histats.com, Female, Indonesia
178, Orion, ODoghesty, oodoghesty4x@answers.com, Male, Czech Republic
179, Kermie, Hartland, khartland4y@4shared.com, Male, Cuba
180, Glenna, Montague, gmontague4z@tiny.cc, Female, Indonesia
181, Kalila, Van der Veldt, kvanderveldt50@pagesperso-orange.fr, Female, Russia
182, Keir, Hirsthouse, khirsthouse51@nytimes.com, Male, China
183, Nadine, Habert, nhabert52@booking.com, Female, China
184, Rikki, Smedmoor, rsmedmoor53@vk.com, Female, Philippines
185, Stormi, Sinnocke, ssinnocke54@bravesites.com, Female, Brazil
186, Daisy, Aulton, daulton55@dot.gov, Female, Ukraine
187, Farley, Hambidge, fhambidge56@washingtonpost.com, Male, Poland
188, Geri, Duinkerk, gduinkerk57@bravesites.com, Male, Moldova
189, Zelda, Gable, zgable58@stanford.edu, Female, Portugal
190, Isacco, Benedyktowicz, ibenedyktowicz59@goodreads.com, Male, Iran
191, Davine, Nealy, dnealy5a@deviantart.com, Female, Philippines
192, Gae, Silcox, gsilcox5b@ucoz.ru, Female, Russia
193, Hieronymus, Andryushchenko, handryushchenko5c@jigsy.com, Male, China
194, Adda, Siddons, asiddons5d@kickstarter.com, Female, China
195, Gloriana, Jaycock, gjaycock5e@ed.gov, Female, Canada
196, Hillier, Petford, hpetford5f@latimes.com, Male, Russia
197, Arleyne, Acklands, aacklands5g@cmu.edu, Female, United States
198, Gilles, Gowanson, ggowanson5h@ning.com, Male, Croatia
199, Jordan, Zanussii, jzanussii5i@chron.com, Female, China
200, Edeline, Connow, econnow5j@ibm.com, Female, United States
201, Shelly, Cushe, scushe5k@craigslist.org, Female, Zimbabwe
202, Gerianna, Asipenko, gasipenko5l@vinaora.com, Female, Croatia
203, Nickey, Orthmann, northmann5m@netlog.com, Male, China
204, Brittani, Terrill, bterrill5n@livejournal.com, Female, Ireland
205, Mord, Gammell, mgammell5o@elpais.com, Male, Russia
206, Otha, Janiak, ojaniak5p@ehow.com, Female, Norway
207, Ringo, Moysey, rmoysey5q@sun.com, Male, Botswana
208, Ursa, Itzcak, uitzcak5r@whitehouse.gov, Female, Brazil
209, Fin, Gazey, fgazey5s@webs.com, Male, France
210, Katrinka, Spackman, kspackman5t@google.nl, Female, Mongolia
211, Iorgo, Abramcik, iabramcik5u@oakley.com, Male, China
212, Merrili, Crean, mcrean5v@liveinternet.ru, Female, Syria
213, Thatch, Claremont, tclaremont5w@networkadvertising.org, Male, China
214, Ranique, Hainey, rhainey5x@columbia.edu, Female, Portugal
215, Loralee, Widdison, lwiddison5y@cocolog-nifty.com, Female, Brazil
216, Edmon, Fairbrace, efairbrace5z@nifty.com, Male, Poland
217, Langston, China, lchina60@xinhuanet.com, Male, Philippines
218, Roxane, Van Halen, rvanhalen61@ucsd.edu, Female, Portugal
219, Keely, Blowfield, kblowfield62@noaa.gov, Female, Brazil
220, Armin, Kettel, akettel63@jalbum.net, Male, Haiti
221, Thurston, Vanyushin, tvanyushin64@army.mil, Male, Bangladesh
222, Sheila, Conquer, sconquer65@vimeo.com, Female, South Africa
223, Arne, Skehan, askehan66@chronoengine.com, Male, Uruguay
224, June, Dirand, jdirand67@nationalgeographic.com, Female, Indonesia
225, Emlen, Jonczyk, ejonczyk68@nifty.com, Male, Comoros
226, Inness, Cranney, icranney69@cnet.com, Male, Iran
227, Maryrose, Polgreen, mpolgreen6a@techcrunch.com, Female, Indonesia
228, Erin, Bannard, ebannard6b@ihg.com, Female, Thailand
229, Aldis, Littlemore, alittlemore6c@diigo.com, Male, Indonesia
230, Abner, Beckmann, abeckmann6d@taobao.com, Male, Yemen
231, Eduard, Botwood, ebotwood6e@answers.com, Male, Indonesia
232, Arnaldo, Baldack, abaldack6f@indiatimes.com, Male, Ecuador
233, Gallard, Colvill, gcolvill6g@wikipedia.org, Male, Ukraine
234, Pieter, Hansford, phansford6h@furl.net, Male, China
235, Elie, Blest, eblest6i@theguardian.com, Female, United States
236, Cordi, Baignard, cbaignard6j@paypal.com, Female, Indonesia
237, Jacquenette, Leggett, jleggett6k@fema.gov, Female, Morocco
238, Nealson, Doucette, ndoucette6l@soundcloud.com, Male, Honduras
239, Webb, Aylmore, waylmore6m@photobucket.com, Male, Philippines
240, Talyah, Rarity, trarity6n@issuu.com, Female, Tunisia
241, Fielding, Widdowes, fwiddowes6o@home.pl, Male, Syria
242, Terese, Northin, tnorthin6p@pen.io, Female, Palestinian Territory
243, Silvain, MacFall, smacfall6q@statcounter.com, Male, China
244, Rudolfo, Tunnock, rtunnock6r@ezinearticles.com, Male, Indonesia
245, Kora, Ioannidis, kioannidis6s@psu.edu, Female, Cameroon
246, Cthrine, Hellmore, chellmore6t@wordpress.com, Female, Portugal
247, Cathrin, Pinsent, cpinsent6u@youtu.be, Female, Russia
248, Pablo, Georgeson, pgeorgeson6v@telegraph.co.uk, Male, Indonesia
249, Timothee, Lamden, tlamden6w@ow.ly, Male, Russia
250, Farleigh, Fery, ffery6x@ovh.net, Male, China
251, Babbie, Tuxell, btuxell6y@cdbaby.com, Female, Poland
252, Eartha, Challace, echallace6z@goo.ne.jp, Female, Chile
253, Cirilo, Pallas, cpallas70@java.com, Male, Indonesia
254, Augustine, Frowen, afrowen71@alibaba.com, Male, France
255, Miranda, Gasperi, mgasperi72@scientificamerican.com, Female, Bosnia and Herzegovina
256, Sybyl, Blaszkiewicz, sblaszkiewicz73@dmoz.org, Female, Philippines
257, Robbin, Filimore, rfilimore74@sbwire.com, Female, China
258, Shantee, Willoughley, swilloughley75@cnn.com, Female, Peru
259, Hillel, Youhill, hyouhill76@washingtonpost.com, Male, Serbia
260, Casey, McFadyen, cmcfadyen77@xinhuanet.com, Male, Indonesia
261, Edsel, Crangle, ecrangle78@ifeng.com, Male, Brazil
262, Roland, Tewelson, rtewelson79@dropbox.com, Male, Russia
263, Zerk, Lambird, zlambird7a@linkedin.com, Male, Haiti
264, Field, Seery, fseery7b@squidoo.com, Male, Peru
265, Helen, Robilliard, hrobilliard7c@ning.com, Female, Poland
266, Beck, Urien, burien7d@netvibes.com, Male, Brazil
267, Cornall, Juarez, cjuarez7e@yolasite.com, Male, France
268, Tammie, Champ, tchamp7f@4shared.com, Female, Palestinian Territory
269, Phillie, Inkpin, pinkpin7g@google.fr, Female, China
270, Shaughn, Adami, sadami7h@washington.edu, Male, Indonesia
271, Laural, Walkingshaw, lwalkingshaw7i@bandcamp.com, Female, Tanzania
272, Burton, Turley, bturley7j@yahoo.co.jp, Male, China
273, Jakob, Romanetti, jromanetti7k@time.com, Male, Ireland
274, Weidar, Rogerson, wrogerson7l@trellian.com, Male, Estonia
275, Flore, Swinley, fswinley7m@nydailynews.com, Female, Indonesia
276, Gav, Upham, gupham7n@go.com, Male, Indonesia
277, Deeanne, Zaniolini, dzaniolini7o@marketwatch.com, Female, Brazil
278, Calv, Rainsdon, crainsdon7p@newsvine.com, Male, Philippines
279, Piggy, Chadwyck, pchadwyck7q@earthlink.net, Male, South Korea
280, Lothario, Silkston, lsilkston7r@moonfruit.com, Male, China
281, Erasmus, Prestland, eprestland7s@java.com, Male, Colombia
282, Chelsey, Stritton, cstritton7t@cbsnews.com, Female, Cameroon
283, Christyna, Sharnock, csharnock7u@house.gov, Female, Kazakhstan
284, Asher, Woolaghan, awoolaghan7v@shareasale.com, Male, Tokelau
285, Rickard, Falk, rfalk7w@jimdo.com, Male, China
286, Alexandre, Midson, amidson7x@instagram.com, Male, Yemen
287, Wilmette, Crawcour, wcrawcour7y@elpais.com, Female, Indonesia
288, Gerek, McPhelimy, gmcphelimy7z@imageshack.us, Male, Portugal
289, Marlena, Allsep, mallsep80@hexun.com, Female, Poland
290, Darb, Parkey, dparkey81@hexun.com, Female, Philippines
291, Tristan, Gertray, tgertray82@gov.uk, Male, China
292, Ulberto, Fairlamb, ufairlamb83@meetup.com, Male, Canada
293, Adeline, Reskelly, areskelly84@flickr.com, Female, Taiwan
294, Bendite, Corstan, bcorstan85@chicagotribune.com, Female, Zimbabwe
295, Nevin, Antosch, nantosch86@comcast.net, Male, Bolivia
296, Rourke, Northey, rnorthey87@theglobeandmail.com, Male, China
297, Stearne, Thurnham, sthurnham88@independent.co.uk, Male, Uganda
298, Chickie, Fortescue, cfortescue89@histats.com, Female, Mongolia
299, Iseabal, Bachs, ibachs8a@indiatimes.com, Female, Lithuania
300, Bobby, Kennsley, bkennsley8b@google.com.au, Male, Czech Republic
301, Jeana, Barrell, jbarrell8c@amazonaws.com, Female, East Timor
302, Idalina, Gosz, igosz8d@businesswire.com, Female, Indonesia
303, Michele, Ugolini, mugolini8e@usda.gov, Female, Mexico
304, Holmes, Clink, hclink8f@about.com, Male, Sweden
305, Corena, Bibb, cbibb8g@yelp.com, Female, Uzbekistan
306, Codie, Fidgin, cfidgin8h@ucoz.ru, Male, Croatia
307, Rosalinda, Adds, radds8i@theglobeandmail.com, Female, Kyrgyzstan
308, Reuben, Drinkhill, rdrinkhill8j@archive.org, Male, South Korea
309, Koo, Eason, keason8k@mlb.com, Female, Sweden
310, Ted, Lauder, tlauder8l@earthlink.net, Male, Russia
311, Dwain, Hewkin, dhewkin8m@pbs.org, Male, Costa Rica
312, Garrik, Adamovitz, gadamovitz8n@photobucket.com, Male, China
313, Mickie, Tebb, mtebb8o@bizjournals.com, Male, Canada
314, Worden, Todeo, wtodeo8p@globo.com, Male, China
315, Booth, Plewes, bplewes8q@netscape.com, Male, Uganda
316, Lolly, Fearnyhough, lfearnyhough8r@joomla.org, Female, Argentina
317, Julianne, Hounson, jhounson8s@bbb.org, Female, Bosnia and Herzegovina
318, Anselm, Cheetham, acheetham8t@scientificamerican.com, Male, South Korea
319, Mala, Eagell, meagell8u@toplist.cz, Female, Russia
320, Magdalena, Fairebrother, mfairebrother8v@vimeo.com, Female, Thailand
321, Gerrie, Huskinson, ghuskinson8w@tmall.com, Male, Norway
322, Nathaniel, Bleasdille, nbleasdille8x@opensource.org, Male, Canada
323, Wilhelm, Nelthorp, wnelthorp8y@over-blog.com, Male, China
324, Clementina, Golt, cgolt8z@nba.com, Female, Portugal
325, Theodosia, Ferrar, tferrar90@freewebs.com, Female, Russia
326, Norris, Scase, nscase91@lycos.com, Male, Philippines
327, Cookie, Tiffin, ctiffin92@networksolutions.com, Female, China
328, Jamal, Arrighetti, jarrighetti93@slideshare.net, Male, Cape Verde
329, Jerri, Lafuente, jlafuente94@psu.edu, Male, France
330, Gavrielle, Lassell, glassell95@prweb.com, Female, Portugal
331, Jareb, Oxenham, joxenham96@cloudflare.com, Male, Philippines
332, Brynn, Coulter, bcoulter97@nationalgeographic.com, Female, China
333, Lita, Kadwallider, lkadwallider98@businessweek.com, Female, Haiti
334, Ashely, Coyett, acoyett99@weebly.com, Female, Nicaragua
335, Wilfrid, Deverose, wdeverose9a@alexa.com, Male, United States
336, Leicester, Infante, linfante9b@independent.co.uk, Male, Saudi Arabia
337, William, Sandbatch, wsandbatch9c@blogs.com, Male, Indonesia
338, Olwen, Folkerts, ofolkerts9d@tripod.com, Female, Tunisia
339, Brita, Sapp, bsapp9e@diigo.com, Female, France
340, Carrissa, Burhouse, cburhouse9f@geocities.jp, Female, Ireland
341, Meade, Baudacci, mbaudacci9g@yandex.ru, Male, China
342, Celesta, Farran, cfarran9h@vinaora.com, Female, China
343, Margot, Van Der Vlies, mvandervlies9i@joomla.org, Female, Nicaragua
344, Lenard, Mathew, lmathew9j@xinhuanet.com, Male, Russia
345, Daphna, Corten, dcorten9k@cbsnews.com, Female, Macedonia
346, Waldon, Ghione, wghione9l@statcounter.com, Male, Haiti
347, Helsa, Pidgin, hpidgin9m@imgur.com, Female, Venezuela
348, Lana, Madelin, lmadelin9n@sciencedirect.com, Female, Indonesia
349, Lila, Marchiso, lmarchiso9o@de.vu, Female, Canada
350, Job, Scholtz, jscholtz9p@icq.com, Male, Norway
351, Valery, Belsham, vbelsham9q@geocities.jp, Female, China
352, Abbott, Lestrange, alestrange9r@cyberchimps.com, Male, Brazil
353, Adele, Ibberson, aibberson9s@goo.ne.jp, Female, Myanmar
354, Kristine, Sawell, ksawell9t@nydailynews.com, Female, Poland
355, Manfred, Haddacks, mhaddacks9u@instagram.com, Male, Lithuania
356, Tremain, Garrould, tgarrould9v@unicef.org, Male, China
357, Jerrie, McLanachan, jmclanachan9w@ifeng.com, Male, France
358, Amery, Lawranson, alawranson9x@infoseek.co.jp, Male, China
359, Jereme, Tindle, jtindle9y@economist.com, Male, Malaysia
360, Nobe, Allbones, nallbones9z@businessweek.com, Male, Greece
361, Filmer, Ferroli, fferrolia0@oaic.gov.au, Male, China
362, Meir, Casillas, mcasillasa1@rambler.ru, Male, Portugal
363, Florence, Brodbin, fbrodbina2@amazon.com, Female, China
364, Dehlia, Ramsby, dramsbya3@howstuffworks.com, Female, Brazil
365, Cornelle, Isacq, cisacqa4@businessweek.com, Female, Indonesia
366, Wolfy, Juszczak, wjuszczaka5@cnbc.com, Male, Philippines
367, Matthus, Fulmen, mfulmena6@ox.ac.uk, Male, Kazakhstan
368, Roldan, McParlin, rmcparlina7@rediff.com, Male, Brazil
369, Marline, Greste, mgrestea8@comsenz.com, Female, Russia
370, Yancey, Dyhouse, ydyhousea9@ning.com, Male, Portugal
371, Wayland, Mordan, wmordanaa@europa.eu, Male, Bulgaria
372, Brod, Roderigo, broderigoab@tumblr.com, Male, China
373, Clint, Kerby, ckerbyac@huffingtonpost.com, Male, Saint Vincent and the Grenadines
374, Lincoln, Spikings, lspikingsad@chronoengine.com, Male, Panama
375, Zeb, Snoddon, zsnoddonae@arizona.edu, Male, China
376, Eward, McGavin, emcgavinaf@skyrock.com, Male, Nicaragua
377, Pate, Boni, pboniag@wikipedia.org, Male, Micronesia
378, Alta, Cupitt, acupittah@ezinearticles.com, Female, Jordan
379, Bethany, Menego, bmenegoai@bloomberg.com, Female, Portugal
380, Manon, Hadcock, mhadcockaj@omniture.com, Female, China
381, Calhoun, Lilleman, clillemanak@nasa.gov, Male, China
382, Fabian, Walklett, fwalklettal@infoseek.co.jp, Male, Malaysia
383, Callida, Hales, chalesam@tumblr.com, Female, China
384, Mylo, Cargill, mcargillan@google.nl, Male, Austria
385, Cathyleen, Roxburch, croxburchao@sbwire.com, Female, Canada
386, Casi, Dubery, cduberyap@comcast.net, Female, Argentina
387, Paulina, Macek, pmacekaq@ebay.com, Female, Philippines
388, Marquita, Prin, mprinar@seesaa.net, Female, Portugal
389, Urson, Raubenheimer, uraubenheimeras@opera.com, Male, Japan
390, Gaspar, Goodswen, ggoodswenat@nyu.edu, Male, Sweden
391, Nickolas, Mudge, nmudgeau@xrea.com, Male, Tunisia
392, Mahala, Tregido, mtregidoav@yolasite.com, Female, Peru
393, Reuven, Purdie, rpurdieaw@irs.gov, Male, Argentina
394, Elysee, Tranmer, etranmerax@reddit.com, Female, China
395, Sayre, Pogue, spogueay@dropbox.com, Female, Indonesia
396, Benjy, Sudron, bsudronaz@ow.ly, Male, China
397, Mignonne, Patington, mpatingtonb0@123-reg.co.uk, Female, Venezuela
398, Yance, Purches, ypurchesb1@msn.com, Male, Brazil
399, Leonard, Sedgebeer, lsedgebeerb2@chicagotribune.com, Male, China
400, Duffy, Sherme, dshermeb3@google.it, Male, China
401, Zarah, Godney, zgodneyb4@huffingtonpost.com, Female, China
402, Alameda, Haster, ahasterb5@sitemeter.com, Female, China
403, Tildy, Truelove, ttrueloveb6@imageshack.us, Female, Philippines
404, Tommie, Gilstoun, tgilstounb7@google.pl, Male, China
405, Sherilyn, Caldes, scaldesb8@discuz.net, Female, Russia
406, Tasha, Braisher, tbraisherb9@bloglines.com, Female, Honduras
407, Lorelle, Braniff, lbraniffba@bing.com, Female, Vietnam
408, Rivy, OHeffernan, roheffernanbb@elpais.com, Female, China
409, Marya, Sudddard, msudddardbc@pinterest.com, Female, Cuba
410, Natka, Atherley, natherleybd@indiegogo.com, Female, Russia
411, Giorgi, Cosgrive, gcosgrivebe@skyrock.com, Male, Russia
412, Carrol, Fanshawe, cfanshawebf@webeden.co.uk, Male, Comoros
413, Abigale, Carder, acarderbg@meetup.com, Female, Indonesia
414, Evita, Gittus, egittusbh@about.com, Female, China
415, Kerry, Favela, kfavelabi@devhub.com, Female, Russia
416, Ruthi, Thornewill, rthornewillbj@harvard.edu, Female, Portugal
417, Shalne, Maskelyne, smaskelynebk@naver.com, Female, Mexico
418, Adriaens, Tuttiett, atuttiettbl@myspace.com, Female, China
419, Gwyn, Oliphand, goliphandbm@paginegialle.it, Female, Greece
420, Livy, Mueller, lmuellerbn@cdbaby.com, Female, Russia
421, Shayne, Prozescky, sprozesckybo@seesaa.net, Male, Ukraine
422, Myriam, Tournay, mtournaybp@elegantthemes.com, Female, France
423, Jeromy, Considine, jconsidinebq@psu.edu, Male, Indonesia
424, Alan, Legion, alegionbr@apple.com, Male, Egypt
425, Korney, Clutterham, kclutterhambs@globo.com, Female, Cameroon
426, Michal, Laytham, mlaythambt@linkedin.com, Male, South Africa
427, Rubi, Rekes, rrekesbu@ucoz.com, Female, Portugal
428, Orren, Frugier, ofrugierbv@fda.gov, Male, China
429, Alexia, Treher, atreherbw@fastcompany.com, Female, China
430, Finn, Kassel, fkasselbx@yahoo.co.jp, Male, China
431, Hendrika, Clench, hclenchby@plala.or.jp, Female, Ivory Coast
432, Suzette, Attwell, sattwellbz@miitbeian.gov.cn, Female, Poland
433, Jobyna, Cowgill, jcowgillc0@bbc.co.uk, Female, Indonesia
434, Faythe, Aneley, faneleyc1@ebay.co.uk, Female, Indonesia
435, Aristotle, Borit, aboritc2@ebay.co.uk, Male, China
436, Ulysses, Lightbourne, ulightbournec3@patch.com, Male, Afghanistan
437, Artemus, Margarson, amargarsonc4@fema.gov, Male, Libya
438, Noach, Addicote, naddicotec5@blogs.com, Male, Indonesia
439, Giorgio, Mountford, gmountfordc6@amazon.de, Male, Peru
440, Nance, Hayller, nhayllerc7@businessinsider.com, Female, Greece
441, Bryn, Blockey, bblockeyc8@instagram.com, Male, Venezuela
442, Skye, Gascoyne, sgascoynec9@mediafire.com, Male, Venezuela
443, Kristal, Birkett, kbirkettca@washington.edu, Female, Poland
444, Ricky, Aleksahkin, raleksahkincb@examiner.com, Male, China
445, Ajay, Klimko, aklimkocc@seattletimes.com, Female, China
446, Janeva, Richfield, jrichfieldcd@studiopress.com, Female, Indonesia
447, Minta, MacAlpin, mmacalpince@hao123.com, Female, Sweden
448, Cori, Pecha, cpechacf@wisc.edu, Male, Colombia
449, Gaultiero, Clash, gclashcg@weather.com, Male, Russia
450, Osbert, Barnard, obarnardch@about.me, Male, China
451, Reinald, Scramage, rscramageci@ning.com, Male, Kazakhstan
452, Leeanne, McCard, lmccardcj@apache.org, Female, Philippines
453, Annadiane, Gimert, agimertck@bbc.co.uk, Female, China
454, Byran, Drayn, bdrayncl@seattletimes.com, Male, Ecuador
455, Mag, Brumhead, mbrumheadcm@disqus.com, Female, China
456, Demott, Atto, dattocn@home.pl, Male, China
457, Any, Drohan, adrohanco@photobucket.com, Male, Brazil
458, Eben, Hadigate, ehadigatecp@addthis.com, Male, China
459, Magda, Thicking, mthickingcq@vinaora.com, Female, Indonesia
460, Ajay, Cane, acanecr@bing.com, Female, Israel
461, Ralf, Brewett, rbrewettcs@symantec.com, Male, Brazil
462, Giorgi, Nield, gnieldct@xrea.com, Male, Iran
463, Jeffrey, Dagleas, jdagleascu@drupal.org, Male, Indonesia
464, Omero, Crickett, ocrickettcv@google.ru, Male, Czech Republic
465, Cherise, Hiddersley, chiddersleycw@linkedin.com, Female, Brazil
466, Karim, Allner, kallnercx@paginegialle.it, Male, Palestinian Territory
467, Beverlee, Odby, bodbycy@istockphoto.com, Female, Finland
468, Ivonne, Sinson, isinsoncz@sogou.com, Female, Dominican Republic
469, Alexio, Roistone, aroistoned0@biglobe.ne.jp, Male, Tanzania
470, Ev, Winfindale, ewinfindaled1@wikispaces.com, Male, Portugal
471, Damara, Godfree, dgodfreed2@mapy.cz, Female, Russia
472, Lukas, Cotgrove, lcotgroved3@hp.com, Male, Vanuatu
473, Kelly, Durtnell, kdurtnelld4@cbsnews.com, Male, Sweden
474, Keefe, McLafferty, kmclaffertyd5@cocolog-nifty.com, Male, Japan
475, Wendell, Hammon, whammond6@mail.ru, Male, United States
476, Colas, Alker, calkerd7@apple.com, Male, Indonesia
477, Rourke, Caron, rcarond8@salon.com, Male, Greece
478, Jillane, Muzzall, jmuzzalld9@goodreads.com, Female, Turkmenistan
479, Barth, Brewin, bbrewinda@sitemeter.com, Male, China
480, Minta, Ronan, mronandb@mlb.com, Female, Israel
481, Fiorenze, Eastmead, feastmeaddc@ted.com, Female, Portugal
482, Dalt, Higgoe, dhiggoedd@dedecms.com, Male, China
483, Cullie, Eaken, ceakende@nymag.com, Male, China
484, Obadias, DellAbbate, odellabbatedf@sciencedaily.com, Male, Zambia
485, Jarret, Garley, jgarleydg@linkedin.com, Male, Nicaragua
486, Hayden, Connick, hconnickdh@springer.com, Male, Brazil
487, Noreen, Goldis, ngoldisdi@webs.com, Female, Sri Lanka
488, Sky, McKague, smckaguedj@nba.com, Male, Cuba
489, Helene, Clilverd, hclilverddk@disqus.com, Female, Venezuela
490, Ferdinande, Cancellor, fcancellordl@jimdo.com, Female, China
491, Jacenta, Ellicombe, jellicombedm@wired.com, Female, Ireland
492, Aldridge, Jouhning, ajouhningdn@ocn.ne.jp, Male, China
493, Eldridge, Plumer, eplumerdo@baidu.com, Male, France
494, Maximo, Anthiftle, manthiftledp@cdc.gov, Male, Russia
495, Becky, Dilleston, bdillestondq@army.mil, Female, Kyrgyzstan
496, Jessamyn, Boerder, jboerderdr@skype.com, Female, Brazil
497, Gustie, Iley, gileyds@webmd.com, Female, France
498, Fax, Zupone, fzuponedt@yahoo.co.jp, Male, China
499, Gigi, Tatum, gtatumdu@amazon.co.jp, Female, China
500, Anette, Beneze, abenezedv@mozilla.com, Female, Nigeria
501, Alexia, Arnett, aarnettdw@dell.com, Female, Sweden
502, Camile, Basnall, cbasnalldx@unblog.fr, Female, Chile
503, Veronike, Beards, vbeardsdy@pbs.org, Female, France
504, Sidney, Proudler, sproudlerdz@fda.gov, Male, Vietnam
505, Albie, Fattorini, afattorinie0@indiegogo.com, Male, Costa Rica
506, Stacee, Bomb, sbombe1@fc2.com, Female, Russia
507, Burty, Amiable, bamiablee2@msu.edu, Male, France
508, Earl, Cloake, ecloakee3@msu.edu, Male, Sweden
509, Benedicto, Dillistone, bdillistonee4@yolasite.com, Male, Portugal
510, Georgia, Harler, gharlere5@chronoengine.com, Female, France
511, Gene, Poytress, gpoytresse6@google.ca, Male, Ireland
512, Darnall, Enderle, denderlee7@about.com, Male, China
513, Axel, Kealy, akealye8@qq.com, Male, Indonesia
514, Clyde, Horsfield, chorsfielde9@washingtonpost.com, Male, China
515, Ardelia, Oubridge, aoubridgeea@europa.eu, Female, China
516, Roseline, Craighead, rcraigheadeb@hao123.com, Female, Indonesia
517, Lorry, Reightley, lreightleyec@baidu.com, Male, Brazil
518, Pete, Valentelli, pvalentellied@cocolog-nifty.com, Male, Kuwait
519, Kym, Budd, kbuddee@businesswire.com, Female, Indonesia
520, Filberte, Scoines, fscoinesef@blog.com, Male, China
521, Vincenz, Geale, vgealeeg@joomla.org, Male, South Africa
522, Josee, Ballin, jballineh@addthis.com, Female, China
523, Harman, Huot, hhuotei@umich.edu, Male, Western Sahara
524, Josefina, Blofield, jblofieldej@acquirethisname.com, Female, Indonesia
525, Andy, Beauchamp, abeauchampek@washington.edu, Female, Indonesia
526, Hedwig, Curds, hcurdsel@ustream.tv, Female, China
527, Phyllida, Ianittello, pianittelloem@list-manage.com, Female, Poland
528, Quill, Tomaino, qtomainoen@columbia.edu, Male, Poland
529, Jeremias, McComas, jmccomaseo@csmonitor.com, Male, China
530, Vernor, Northall, vnorthallep@wiley.com, Male, Azerbaijan
531, Ailee, Witherow, awitheroweq@google.ru, Female, Poland
532, Howard, Bosson, hbossoner@rambler.ru, Male, Nigeria
533, Erv, Batham, ebathames@psu.edu, Male, Indonesia
534, Jdavie, Lorrain, jlorrainet@theatlantic.com, Male, China
535, Louie, Blyth, lblytheu@npr.org, Male, Indonesia
536, Nealy, Cahillane, ncahillaneev@twitpic.com, Male, Brazil
537, Kimberli, Gregori, kgregoriew@irs.gov, Female, Ukraine
538, Staffard, Skeel, sskeelex@feedburner.com, Male, Russia
539, Calla, Cozzi, ccozziey@mayoclinic.com, Female, Egypt
540, Nat, Jaskowicz, njaskowiczez@bloglines.com, Female, Indonesia
541, Avigdor, Stanmer, astanmerf0@jimdo.com, Male, Moldova
542, Agathe, Blakebrough, ablakebroughf1@technorati.com, Female, China
543, Hal, Quilter, hquilterf2@squarespace.com, Male, Burkina Faso
544, Keven, Vizard, kvizardf3@google.pl, Male, Russia
545, Mada, McCarry, mmccarryf4@facebook.com, Female, Zambia
546, Cora, Stollberg, cstollbergf5@berkeley.edu, Female, Ukraine
547, Raina, Gookey, rgookeyf6@i2i.jp, Female, Argentina
548, Prescott, Slatten, pslattenf7@about.me, Male, Brazil
549, Irv, Nestle, inestlef8@telegraph.co.uk, Male, China
550, Westley, Blunsom, wblunsomf9@unc.edu, Male, Japan
551, Jonathan, Bontoft, jbontoftfa@tmall.com, Male, Brazil
552, Chad, Echallier, cechallierfb@umich.edu, Female, Guatemala
553, Abbey, Petry, apetryfc@is.gd, Male, Indonesia
554, Caz, Butterwick, cbutterwickfd@dot.gov, Male, Czech Republic
555, Adriaens, Leimster, aleimsterfe@jugem.jp, Female, Philippines
556, Brittan, Ruffy, bruffyff@webnode.com, Female, Indonesia
557, Steven, Lowings, slowingsfg@constantcontact.com, Male, Peru
558, Alverta, Antonescu, aantonescufh@google.com.au, Female, Palestinian Territory
559, Ellary, Baggs, ebaggsfi@list-manage.com, Male, China
560, Curtice, Southorn, csouthornfj@stumbleupon.com, Male, France
561, Pren, Abbate, pabbatefk@ovh.net, Male, Libya
562, Annabel, Seint, aseintfl@facebook.com, Female, China
563, Danell, Nucciotti, dnucciottifm@dell.com, Female, Poland
564, Henri, Di Bartolomeo, hdibartolomeofn@barnesandnoble.com, Male, Indonesia
565, Stafani, Stroyan, sstroyanfo@ifeng.com, Female, Armenia
566, Earvin, McKinnon, emckinnonfp@arizona.edu, Male, Greece
567, Anni, Currell, acurrellfq@usda.gov, Female, Indonesia
568, Tad, Kiessel, tkiesselfr@bing.com, Male, France
569, Samuel, Polfer, spolferfs@ask.com, Male, United Arab Emirates
570, Arleyne, Emanuel, aemanuelft@pinterest.com, Female, Philippines
571, Yetty, Sineath, ysineathfu@qq.com, Female, Indonesia
572, Frank, Fechnie, ffechniefv@tuttocitta.it, Male, China
573, Giffard, Swatridge, gswatridgefw@cpanel.net, Male, Japan
574, Cheston, Geldeford, cgeldefordfx@fema.gov, Male, Portugal
575, Borden, Le Batteur, blebatteurfy@guardian.co.uk, Male, Brazil
576, Craggy, Goodhand, cgoodhandfz@nature.com, Male, Sweden
577, Ruthe, Rigard, rrigardg0@si.edu, Female, Ukraine
578, Jarvis, Branca, jbrancag1@alexa.com, Male, Uganda
579, Ortensia, Treharne, otreharneg2@xinhuanet.com, Female, Portugal
580, Bartholomeo, Vargas, bvargasg3@jalbum.net, Male, Greece
581, Leelah, Spears, lspearsg4@youtu.be, Female, Brazil
582, Conn, Itzakson, citzaksong5@topsy.com, Male, Serbia
583, Dori, Rubinov, drubinovg6@mail.ru, Female, Indonesia
584, Friedrich, Rijkeseis, frijkeseisg7@google.co.jp, Male, Indonesia
585, Germaine, Vida, gvidag8@soup.io, Female, Philippines
586, Aryn, Chown, achowng9@addtoany.com, Female, Finland
587, Ciro, Lawson, clawsonga@privacy.gov.au, Male, China
588, Jakie, Terzza, jterzzagb@istockphoto.com, Male, China
589, Rosette, Hessenthaler, rhessenthalergc@google.fr, Female, Nigeria
590, Johny, Pilfold, jpilfoldgd@elegantthemes.com, Male, Russia
591, Ange, Joerning, ajoerningge@clickbank.net, Female, China
592, Kessia, Hummerston, khummerstongf@amazon.com, Female, Jamaica
593, Neron, Shillingford, nshillingfordgg@wikimedia.org, Male, France
594, Torr, Lagadu, tlagadugh@walmart.com, Male, China
595, Vale, Vannoort, vvannoortgi@baidu.com, Female, China
596, Lorie, Flagg, lflagggj@scientificamerican.com, Female, Sweden
597, Shay, Syvret, ssyvretgk@is.gd, Female, Philippines
598, Jemmie, Iggo, jiggogl@umn.edu, Female, Brazil
599, Scotti, Torrance, storrancegm@phoca.cz, Male, France
600, Julian, Eastup, jeastupgn@networkadvertising.org, Male, Argentina
601, Brad, Gamage, bgamagego@qq.com, Male, Finland
602, Parrnell, Gumley, pgumleygp@1und1.de, Male, China
603, Patin, Ruddiforth, pruddiforthgq@bbb.org, Male, China
604, Trudi, Hanshaw, thanshawgr@privacy.gov.au, Female, Brazil
605, Yasmin, Greeve, ygreevegs@google.cn, Female, Russia
606, Eb, Pyer, epyergt@quantcast.com, Male, Mongolia
607, Delphine, Coot, dcootgu@booking.com, Female, Indonesia
608, Gil, Dalziell, gdalziellgv@army.mil, Male, Indonesia
609, Coral, McMeanma, cmcmeanmagw@adobe.com, Female, Philippines
610, Dodie, Ondrusek, dondrusekgx@altervista.org, Female, Serbia
611, Agustin, Banbrook, abanbrookgy@slideshare.net, Male, China
612, Briggs, Creggan, bcreggangz@so-net.ne.jp, Male, Czech Republic
613, Etta, MacNeice, emacneiceh0@nyu.edu, Female, Indonesia
614, Lethia, Philip, lphiliph1@bloglines.com, Female, Indonesia
615, Alejandrina, Hurdedge, ahurdedgeh2@dion.ne.jp, Female, South Korea
616, Gerome, Kealy, gkealyh3@naver.com, Male, Indonesia
617, Lucilia, Pascoe, lpascoeh4@discovery.com, Female, Senegal
618, Ira, Olford, iolfordh5@canalblog.com, Female, China
619, Jobye, Tincknell, jtincknellh6@list-manage.com, Female, Philippines
620, Enid, Gove, egoveh7@wsj.com, Female, Indonesia
621, Karoly, Adame, kadameh8@pagesperso-orange.fr, Female, Russia
622, Freeland, Sahnow, fsahnowh9@arizona.edu, Male, Brazil
623, Wanids, Redemile, wredemileha@zimbio.com, Female, China
624, Elonore, Caney, ecaneyhb@cnn.com, Female, Russia
625, Eddy, Dargavel, edargavelhc@bloomberg.com, Female, China
626, Kelila, Mateja, kmatejahd@lycos.com, Female, Czech Republic
627, Logan, Flode, lflodehe@tmall.com, Male, Kazakhstan
628, Valentina, Loving, vlovinghf@csmonitor.com, Female, Philippines
629, Godfry, Bloxsum, gbloxsumhg@dyndns.org, Male, Portugal
630, Gigi, Macia, gmaciahh@woothemes.com, Female, Belarus
631, Fanchon, Esh, feshhi@zimbio.com, Female, Russia
632, Hew, Peek, hpeekhj@storify.com, Male, Poland
633, Jere, Teague, jteaguehk@stanford.edu, Female, China
634, Helene, Wonfar, hwonfarhl@opera.com, Female, China
635, Brigg, Siddaley, bsiddaleyhm@kickstarter.com, Male, Indonesia
636, Maren, Bolt, mbolthn@yandex.ru, Female, Indonesia
637, Alidia, Iwanczyk, aiwanczykho@scribd.com, Female, Japan
638, Cherrita, Piolli, cpiollihp@yandex.ru, Female, Russia
639, Moll, Rosiello, mrosiellohq@columbia.edu, Female, Norway
640, Lesli, Crop, lcrophr@vinaora.com, Female, Tanzania
641, Ortensia, Rable, orablehs@is.gd, Female, Isle of Man
642, Alica, Snadden, asnaddenht@geocities.com, Female, Indonesia
643, Agata, Jobbings, ajobbingshu@smh.com.au, Female, Philippines
644, Leonelle, Cassely, lcasselyhv@shop-pro.jp, Female, Israel
645, Melisandra, Casino, mcasinohw@amazon.co.uk, Female, Philippines
646, Blinny, Pratt, bpratthx@ehow.com, Female, Indonesia
647, Raynor, Twidale, rtwidalehy@reverbnation.com, Male, Brazil
648, Malynda, Baskwell, mbaskwellhz@xing.com, Female, Japan
649, Marnie, Szantho, mszanthoi0@sbwire.com, Female, Honduras
650, Kelsey, Cowitz, kcowitzi1@rambler.ru, Female, Belarus
651, Pamelina, Wibberley, pwibberleyi2@cargocollective.com, Female, Netherlands
652, Erin, Gridon, egridoni3@tmall.com, Male, Bosnia and Herzegovina
653, Trever, Chilton, tchiltoni4@hao123.com, Male, China
654, Hazel, Stollwerk, hstollwerki5@dagondesign.com, Male, China
655, Francyne, Burdus, fburdusi6@yellowbook.com, Female, Uganda
656, Shaylah, Skelington, sskelingtoni7@w3.org, Female, Indonesia
657, Amata, Cordeau, acordeaui8@springer.com, Female, Canada
658, Lawry, Struis, lstruisi9@google.ca, Male, Bolivia
659, Vere, Swindell, vswindellia@topsy.com, Female, Germany
660, Julienne, Ugoni, jugoniib@yellowpages.com, Female, Malta
661, Farlee, Knowlys, fknowlysic@upenn.edu, Male, Slovenia
662, Obie, Cudde, ocuddeid@japanpost.jp, Male, Philippines
663, Margi, Stanbridge, mstanbridgeie@arizona.edu, Female, China
664, Lorilee, Pickvance, lpickvanceif@seattletimes.com, Female, Armenia
665, Ericha, Coultous, ecoultousig@hhs.gov, Female, Indonesia
666, Erma, Slinger, eslingerih@bigcartel.com, Female, Croatia
667, Carr, Currin, ccurrinii@ft.com, Male, Argentina
668, Bonnee, Vidineev, bvidineevij@ucoz.com, Female, Colombia
669, Rosabelle, Ephgrave, rephgraveik@paginegialle.it, Female, Philippines
670, Freddie, Sherwood, fsherwoodil@ca.gov, Male, Kenya
671, Tadeas, Pacitti, tpacittiim@example.com, Male, Switzerland
672, Mahmud, Glozman, mglozmanin@thetimes.co.uk, Male, Russia
673, Cobby, Pennings, cpenningsio@spiegel.de, Male, Yemen
674, Sadella, Gilham, sgilhamip@dyndns.org, Female, Argentina
675, Carri, Jeskins, cjeskinsiq@1und1.de, Female, Sudan
676, Saundra, Flewitt, sflewittir@ebay.co.uk, Female, Kazakhstan
677, Ed, Fanti, efantiis@sakura.ne.jp, Male, United States
678, Sergio, Barnfield, sbarnfieldit@so-net.ne.jp, Male, China
679, Stanislas, Pagel, spageliu@delicious.com, Male, Brazil
680, Charyl, Rourke, crourkeiv@liveinternet.ru, Female, Brazil
681, Corbie, Kubal, ckubaliw@baidu.com, Male, China
682, Minor, Padefield, mpadefieldix@washingtonpost.com, Male, Colombia
683, Dennis, Humbatch, dhumbatchiy@desdev.cn, Male, Chile
684, Arda, Orae, aoraeiz@virginia.edu, Female, France
685, Averil, Beckinsale, abeckinsalej0@google.cn, Male, Poland
686, Kaleena, Statefield, kstatefieldj1@ebay.com, Female, Indonesia
687, Dionisio, Casburn, dcasburnj2@facebook.com, Male, Indonesia
688, Ginny, Revance, grevancej3@fotki.com, Female, Colombia
689, Britt, Dawtre, bdawtrej4@list-manage.com, Female, Saint Kitts and Nevis
690, Brenna, Derx, bderxj5@prlog.org, Female, Panama
691, Gusty, Fairlamb, gfairlambj6@macromedia.com, Female, Russia
692, Byrle, Chatell, bchatellj7@amazon.com, Male, Czech Republic
693, Cart, Coye, ccoyej8@topsy.com, Male, Pakistan
694, Sunny, Handke, shandkej9@netlog.com, Male, China
695, Ive, Scragg, iscraggja@spotify.com, Male, Indonesia
696, Tammy, Gallichan, tgallichanjb@hao123.com, Female, China
697, Sephira, Nutten, snuttenjc@clickbank.net, Female, China
698, Gearalt, Pattenden, gpattendenjd@symantec.com, Male, China
699, Bartholomeus, Ackers, backersje@spotify.com, Male, Indonesia
700, Tate, McGinney, tmcginneyjf@wikispaces.com, Male, China
701, Tobe, Haire, thairejg@gnu.org, Female, Ukraine
702, Ramsey, Bourgaize, rbourgaizejh@skype.com, Male, Belarus
703, Freddy, Llewelyn, fllewelynji@wufoo.com, Male, China
704, Junia, Tollady, jtolladyjj@privacy.gov.au, Female, Czech Republic
705, Catharine, Huniwall, chuniwalljk@discovery.com, Female, Philippines
706, Web, Ruckhard, wruckhardjl@ucsd.edu, Male, China
707, Alair, Buey, abueyjm@acquirethisname.com, Male, China
708, Manfred, Downer, mdownerjn@fc2.com, Male, Philippines
709, Tobe, MacNelly, tmacnellyjo@theglobeandmail.com, Male, Poland
710, Elias, Ganley, eganleyjp@etsy.com, Male, Indonesia
711, Mitch, Halls, mhallsjq@cnn.com, Male, France
712, Bondon, Roch, brochjr@patch.com, Male, Ecuador
713, Jany, Comben, jcombenjs@studiopress.com, Female, Brazil
714, Bonnee, Coslett, bcoslettjt@columbia.edu, Female, Mexico
715, Nicky, Aneley, naneleyju@myspace.com, Male, Russia
716, Florian, Handke, fhandkejv@mapy.cz, Male, Albania
717, Agnella, Tungay, atungayjw@printfriendly.com, Female, Philippines
718, Huntley, Lindenfeld, hlindenfeldjx@msu.edu, Male, Portugal
719, Duane, Beccera, dbeccerajy@cloudflare.com, Male, Sweden
720, Baxie, Kobes, bkobesjz@wikipedia.org, Male, China
721, Stefano, Nadin, snadink0@ifeng.com, Male, Czech Republic
722, Melantha, Reast, mreastk1@weather.com, Female, United States
723, Royce, Ferrettini, rferrettinik2@wsj.com, Male, Costa Rica
724, Margarete, Medmore, mmedmorek3@printfriendly.com, Female, China
725, Christen, Prestland, cprestlandk4@ameblo.jp, Female, Ukraine
726, Roth, Escoffrey, rescoffreyk5@marketwatch.com, Male, Kazakhstan
727, Madeline, Allison, mallisonk6@nba.com, Female, Portugal
728, Simone, Docharty, sdochartyk7@photobucket.com, Male, Portugal
729, Marian, Trice, mtricek8@abc.net.au, Female, Ethiopia
730, Darill, Chiplen, dchiplenk9@skyrock.com, Male, Poland
731, Batholomew, Farrears, bfarrearska@google.ca, Male, Thailand
732, Currie, Poyntz, cpoyntzkb@sakura.ne.jp, Male, Nigeria
733, Arleen, Hughes, ahugheskc@microsoft.com, Female, Portugal
734, Lory, Fehely, lfehelykd@shop-pro.jp, Female, Cambodia
735, Kipper, Becerro, kbecerroke@live.com, Male, Ivory Coast
736, Amble, Dodd, adoddkf@blinklist.com, Male, Malaysia
737, Felicio, Linnit, flinnitkg@wikispaces.com, Male, Poland
738, Leyla, Marton, lmartonkh@bbb.org, Female, Philippines
739, Flossy, Godbold, fgodboldki@uiuc.edu, Female, Belarus
740, Fulton, Cookes, fcookeskj@chicagotribune.com, Male, Poland
741, Rianon, Goodbody, rgoodbodykk@bravesites.com, Female, Serbia
742, Sampson, Scruton, sscrutonkl@cdbaby.com, Male, China
743, Catlin, Konzel, ckonzelkm@mail.ru, Female, Kyrgyzstan
744, Hermy, Force, hforcekn@bloglines.com, Male, Portugal
745, Adelbert, Matts, amattsko@spotify.com, Male, Canada
746, Normand, Patrickson, npatricksonkp@theglobeandmail.com, Male, Greece
747, Wain, Trye, wtryekq@huffingtonpost.com, Male, Portugal
748, Cly, Pigot, cpigotkr@w3.org, Male, Philippines
749, Kevin, Bowgen, kbowgenks@sphinn.com, Male, Lithuania
750, Jaine, Gosford, jgosfordkt@uol.com.br, Female, Colombia
751, Kahlil, Dudbridge, kdudbridgeku@illinois.edu, Male, Indonesia
752, Aurthur, Custed, acustedkv@shutterfly.com, Male, Portugal
753, Karissa, Beevor, kbeevorkw@imgur.com, Female, Indonesia
754, Saundra, Sidden, ssiddenkx@timesonline.co.uk, Male, China
755, Sharron, Konerding, skonerdingky@cmu.edu, Female, Japan
756, Allan, Domelow, adomelowkz@seesaa.net, Male, Mongolia
757, Drusie, Ummfrey, dummfreyl0@house.gov, Female, Russia
758, Marlon, Fretter, mfretterl1@statcounter.com, Male, Philippines
759, Izak, Yeiles, iyeilesl2@php.net, Male, Colombia
760, Felicdad, Evenden, fevendenl3@dedecms.com, Female, Vietnam
761, Ashton, Bullock, abullockl4@123-reg.co.uk, Male, Russia
762, Cathy, Brotherhead, cbrotherheadl5@dailymotion.com, Female, Poland
763, Brigham, Schultz, bschultzl6@github.io, Male, Nigeria
764, Traci, Tytterton, ttyttertonl7@shinystat.com, Female, China
765, Tova, Bilham, tbilhaml8@usatoday.com, Female, Ukraine
766, Inigo, Cohn, icohnl9@yellowpages.com, Male, China
767, Max, Dumphy, mdumphyla@europa.eu, Male, Netherlands
768, Rey, McCollum, rmccollumlb@prnewswire.com, Male, Moldova
769, Carla, Dessaur, cdessaurlc@google.es, Female, Vietnam
770, Nixie, Awin, nawinld@paypal.com, Female, Indonesia
771, Tabbi, Levine, tlevinele@nifty.com, Female, Russia
772, Maggee, Witt, mwittlf@sakura.ne.jp, Female, East Timor
773, Jessee, Mackneis, jmackneislg@tripadvisor.com, Male, Sweden
774, Donella, Hawking, dhawkinglh@globo.com, Female, Indonesia
775, Jessica, Rosenzveig, jrosenzveigli@rediff.com, Female, Palestinian Territory
776, Rory, Pikhno, rpikhnolj@techcrunch.com, Female, Puerto Rico
777, Carma, Erickssen, cerickssenlk@examiner.com, Female, Indonesia
778, Barnabas, Soigoux, bsoigouxll@netvibes.com, Male, Russia
779, Fredra, Balstone, fbalstonelm@comcast.net, Female, Philippines
780, Wiatt, Yesson, wyessonln@gnu.org, Male, Japan
781, Temple, Cromley, tcromleylo@google.com.br, Male, Indonesia
782, Justinian, Woliter, jwoliterlp@rediff.com, Male, France
783, Derron, de Voiels, ddevoielslq@opensource.org, Male, Myanmar
784, Frank, Gotthard, fgotthardlr@bloglovin.com, Male, Kosovo
785, Krystle, Antonelli, kantonellils@wordpress.org, Female, China
786, Shepherd, Traise, straiselt@hp.com, Male, Indonesia
787, Courtnay, Biffen, cbiffenlu@wufoo.com, Male, Palestinian Territory
788, Vaughn, Gun, vgunlv@hhs.gov, Male, China
789, Skipp, Permain, spermainlw@howstuffworks.com, Male, China
790, Langston, Stibbs, lstibbslx@telegraph.co.uk, Male, China
791, Jodi, Alchin, jalchinly@sitemeter.com, Male, Brazil
792, Titos, Sabbatier, tsabbatierlz@mashable.com, Male, Malaysia
793, Juana, Gabel, jgabelm0@redcross.org, Female, Sweden
794, Iormina, Konertz, ikonertzm1@constantcontact.com, Female, Moldova
795, Hasty, Newlands, hnewlandsm2@purevolume.com, Male, Mexico
796, Jenica, Fielders, jfieldersm3@ucoz.com, Female, China
797, Raymund, Fishenden, rfishendenm4@fda.gov, Male, Indonesia
798, Cull, Hamsley, chamsleym5@unblog.fr, Male, Vietnam
799, Hubey, Stodart, hstodartm6@devhub.com, Male, Peru
800, Jackie, Jentet, jjentetm7@addthis.com, Male, China
801, Pauly, Hands, phandsm8@hhs.gov, Female, Turkey
802, Klaus, Roistone, kroistonem9@123-reg.co.uk, Male, Jamaica
803, Dexter, Samber, dsamberma@reference.com, Male, Philippines
804, Delphinia, Kenninghan, dkenninghanmb@go.com, Female, Portugal
805, Valerye, Brosh, vbroshmc@spotify.com, Female, Faroe Islands
806, Angelico, Salvatore, asalvatoremd@dailymail.co.uk, Male, Finland
807, Leslie, Logan, lloganme@accuweather.com, Male, Indonesia
808, Lew, Stoneley, lstoneleymf@photobucket.com, Male, Greece
809, Deanna, Hunstone, dhunstonemg@addtoany.com, Female, China
810, Roderich, Date, rdatemh@uiuc.edu, Male, Chile
811, Allin, Golagley, agolagleymi@chicagotribune.com, Male, Czech Republic
812, Kaitlin, Ruddoch, kruddochmj@yellowpages.com, Female, China
813, Nathanial, Heibel, nheibelmk@wix.com, Male, Brazil
814, Lanie, Hauger, lhaugerml@vk.com, Female, Indonesia
815, Domini, St. Ledger, dstledgermm@studiopress.com, Female, Sweden
816, Lorette, Pyer, lpyermn@furl.net, Female, France
817, Gherardo, Fransinelli, gfransinellimo@mysql.com, Male, Philippines
818, Bondie, Oakenfield, boakenfieldmp@ehow.com, Male, China
819, Thadeus, Northey, tnortheymq@symantec.com, Male, Guatemala
820, Meghan, Claque, mclaquemr@purevolume.com, Female, South Korea
821, Isabella, Beddow, ibeddowms@ning.com, Female, Russia
822, Noelle, Cromett, ncromettmt@usnews.com, Female, United States
823, Ossie, Farnill, ofarnillmu@shinystat.com, Male, Botswana
824, Jacinda, Parsonage, jparsonagemv@dot.gov, Female, Armenia
825, Georgianna, Bonsul, gbonsulmw@go.com, Female, Thailand
826, Ronda, Emblow, remblowmx@deliciousdays.com, Female, Russia
827, Gus, Penella, gpenellamy@icq.com, Male, Poland
828, Wilden, McGilvary, wmcgilvarymz@acquirethisname.com, Male, France
829, Skyler, Guilfoyle, sguilfoylen0@dedecms.com, Male, Indonesia
830, Andrew, Mowling, amowlingn1@youtu.be, Male, Indonesia
831, Delcine, Hiddy, dhiddyn2@instagram.com, Female, China
832, Binny, Malone, bmalonen3@princeton.edu, Female, Czech Republic
833, Eliot, Wintle, ewintlen4@netlog.com, Male, Honduras
834, Shermie, Kynnd, skynndn5@state.gov, Male, Greece
835, Emalee, Bertomieu, ebertomieun6@ihg.com, Female, China
836, Amery, Duesbury, aduesburyn7@shareasale.com, Male, Portugal
837, Cheryl, Willoughley, cwilloughleyn8@vimeo.com, Female, China
838, Phaedra, Peetermann, ppeetermannn9@merriam-webster.com, Female, Russia
839, Jilli, Handforth, jhandforthna@ifeng.com, Female, Nigeria
840, Rich, Gammet, rgammetnb@jigsy.com, Male, China
841, Gavan, Richt, grichtnc@networkadvertising.org, Male, Russia
842, Richmond, Elsmere, relsmerend@jugem.jp, Male, Russia
843, Basil, Langham, blanghamne@google.es, Male, Poland
844, Remus, Joyner, rjoynernf@deliciousdays.com, Male, Indonesia
845, Jenna, Lapping, jlappingng@mozilla.com, Female, Sweden
846, Archambault, Lainton, alaintonnh@youku.com, Male, Russia
847, Leese, Muzzollo, lmuzzolloni@tmall.com, Female, Czech Republic
848, Den, Lebbern, dlebbernnj@who.int, Male, Indonesia
849, Jermain, Calvard, jcalvardnk@bbb.org, Male, Sweden
850, Aldrich, Spender, aspendernl@jimdo.com, Male, Hungary
851, Catina, Henken, chenkennm@hibu.com, Female, Indonesia
852, Myrilla, Claricoates, mclaricoatesnn@barnesandnoble.com, Female, Gambia
853, Jeanelle, Millgate, jmillgateno@histats.com, Female, Philippines
854, Sher, Aggas, saggasnp@nih.gov, Female, Poland
855, Sidoney, McCuaig, smccuaignq@cargocollective.com, Female, Brazil
856, Shannan, Keitch, skeitchnr@surveymonkey.com, Male, Poland
857, Fran, McGowing, fmcgowingns@sciencedaily.com, Female, Guatemala
858, Yorgos, Fernier, yferniernt@springer.com, Male, China
859, Dalton, Willingham, dwillinghamnu@feedburner.com, Male, Estonia
860, Hedda, Irce, hircenv@ow.ly, Female, Democratic Republic of the Congo
861, Burnard, Perel, bperelnw@usatoday.com, Male, Indonesia
862, Fredek, Sollner, fsollnernx@last.fm, Male, Indonesia
863, Job, Sanzio, jsanziony@cdc.gov, Male, Greece
864, Sarena, Jiras, sjirasnz@house.gov, Female, Thailand
865, Fabio, Key, fkeyo0@51.la, Male, Indonesia
866, Alberta, Franseco, afransecoo1@jalbum.net, Female, China
867, Arther, Maskall, amaskallo2@aol.com, Male, China
868, Stacee, Parnall, sparnallo3@netvibes.com, Female, Israel
869, Jaquenette, Lennox, jlennoxo4@goo.ne.jp, Female, Ireland
870, Delano, Rasp, draspo5@sourceforge.net, Male, Venezuela
871, Dacey, Krysztofiak, dkrysztofiako6@answers.com, Female, Afghanistan
872, Cloe, Gallehock, cgallehocko7@noaa.gov, Female, Indonesia
873, Cathi, Billyard, cbillyardo8@rambler.ru, Female, Philippines
874, Joelynn, Reimers, jreimerso9@scribd.com, Female, Brazil
875, Jarrett, Lympenie, jlympenieoa@youtu.be, Male, France
876, Lorens, Forgan, lforganob@blogspot.com, Male, Colombia
877, Nadean, Sloat, nsloatoc@plala.or.jp, Female, Russia
878, Ronnie, Tiffin, rtiffinod@homestead.com, Male, Brazil
879, Fraze, Girod, fgirodoe@prnewswire.com, Male, Japan
880, Fanchon, Andrini, fandriniof@freewebs.com, Female, Philippines
881, Riannon, Spera, rsperaog@gmpg.org, Female, Russia
882, Abey, Sinkin, asinkinoh@amazon.co.jp, Male, China
883, Jacqui, Drysdall, jdrysdalloi@blogspot.com, Female, Argentina
884, Kaspar, O Mullen, komullenoj@usnews.com, Male, Philippines
885, Camilla, Dell Orto, cdellortook@google.nl, Female, France
886, Edvard, Figurski, efigurskiol@youtube.com, Male, Peru
887, Mario, Alessandrucci, malessandrucciom@youtu.be, Male, China
888, Julina, Jenicke, jjenickeon@ustream.tv, Female, Chile
889, Eduino, Cato, ecatooo@imageshack.us, Male, Thailand
890, Wolfie, Arndt, warndtop@biblegateway.com, Male, China
891, Francisca, Jobe, fjobeoq@apple.com, Female, Philippines
892, Elberta, Ferrone, eferroneor@homestead.com, Female, Indonesia
893, Gale, Fenemore, gfenemoreos@naver.com, Female, Germany
894, Diann, Grassi, dgrassiot@slideshare.net, Female, Democratic Republic of the Congo
895, Myrtle, Kleint, mkleintou@ifeng.com, Female, Russia
896, Mame, Kirtley, mkirtleyov@i2i.jp, Female, Democratic Republic of the Congo
897, Ric, Everill, reverillow@icq.com, Male, China
898, Alyce, Valois, avaloisox@tinypic.com, Female, Russia
899, Aldon, Ramirez, aramirezoy@stanford.edu, Male, Venezuela
900, Jillane, Paxforde, jpaxfordeoz@squarespace.com, Female, Brazil
901, Brigitta, Stockau, bstockaup0@deliciousdays.com, Female, Venezuela
902, Stavros, Catlin, scatlinp1@chron.com, Male, United States
903, Guy, Seally, gseallyp2@tripadvisor.com, Male, China
904, Freddie, Huggard, fhuggardp3@about.com, Male, Philippines
905, Germaine, Glawsop, gglawsopp4@mozilla.com, Male, China
906, Barris, Karlolczak, bkarlolczakp5@google.com.br, Male, Serbia
907, Grenville, Fleeming, gfleemingp6@zdnet.com, Male, Brazil
908, Lonni, Joincey, ljoinceyp7@networksolutions.com, Female, Portugal
909, Preston, Brear, pbrearp8@cbc.ca, Male, Sweden
910, Celine, Dyche, cdychep9@comsenz.com, Female, Philippines
911, Cooper, Ragat, cragatpa@ihg.com, Male, Russia
912, Pamella, Troillet, ptroilletpb@businessinsider.com, Female, Ukraine
913, Karlotta, Coger, kcogerpc@deliciousdays.com, Female, Ukraine
914, Renard, Andreucci, randreuccipd@fc2.com, Male, Indonesia
915, Sally, Cumberpatch, scumberpatchpe@domainmarket.com, Female, China
916, Jasper, Jennens, jjennenspf@nps.gov, Male, Madagascar
917, Glory, Moatt, gmoattpg@diigo.com, Female, United States
918, Kahaleel, Shitliffe, kshitliffeph@comsenz.com, Male, Philippines
919, Moria, Ferrarini, mferrarinipi@slideshare.net, Female, South Sudan
920, Karyl, Mangin, kmanginpj@altervista.org, Female, China
921, Concettina, Littlemore, clittlemorepk@census.gov, Female, Serbia
922, Aguie, Bauldry, abauldrypl@geocities.jp, Male, Venezuela
923, Bary, Enstone, benstonepm@sogou.com, Male, Sweden
924, Kania, DAulby, kdaulbypn@redcross.org, Female, Philippines
925, Lincoln, Garforth, lgarforthpo@bing.com, Male, Peru
926, Betsey, Stables, bstablespp@ibm.com, Female, Russia
927, Alonzo, Prys, apryspq@gmpg.org, Male, Japan
928, Amargo, Swannick, aswannickpr@home.pl, Female, Philippines
929, Maiga, Lockey, mlockeyps@newyorker.com, Female, Indonesia
930, Mariette, Oades, moadespt@wikispaces.com, Female, Indonesia
931, Alecia, Akester, aakesterpu@disqus.com, Female, Indonesia
932, Bibi, Rimer, brimerpv@biblegateway.com, Female, Ukraine
933, Jock, Casse, jcassepw@blinklist.com, Male, Indonesia
934, Rurik, Francesco, rfrancescopx@is.gd, Male, Canada
935, Frankie, Meriguet, fmeriguetpy@spotify.com, Female, Philippines
936, Raleigh, Greedyer, rgreedyerpz@odnoklassniki.ru, Male, Indonesia
937, Sherye, Ovey, soveyq0@purevolume.com, Female, Brazil
938, Axe, Meriott, ameriottq1@ox.ac.uk, Male, Philippines
939, Jacquie, Pevreal, jpevrealq2@go.com, Female, Poland
940, Pancho, Carvell, pcarvellq3@cisco.com, Male, China
941, Phaedra, Francis, pfrancisq4@merriam-webster.com, Female, Japan
942, Falito, Jarred, fjarredq5@naver.com, Male, Indonesia
943, Charil, Pain, cpainq6@purevolume.com, Female, Indonesia
944, Sydney, Cramer, scramerq7@joomla.org, Male, Argentina
945, Hilliard, Davison, hdavisonq8@linkedin.com, Male, Czech Republic
946, Burgess, Bowgen, bbowgenq9@buzzfeed.com, Male, France
947, Panchito, Hedin, phedinqa@cbc.ca, Male, China
948, Jonas, Limming, jlimmingqb@unesco.org, Male, Madagascar
949, Richmond, Neylon, rneylonqc@simplemachines.org, Male, Sweden
950, Maridel, Kobpal, mkobpalqd@cmu.edu, Female, Peru
951, Tyrone, Matijasevic, tmatijasevicqe@census.gov, Male, France
952, Bear, Gutans, bgutansqf@walmart.com, Male, Peru
953, Barris, Bolwell, bbolwellqg@blogs.com, Male, Indonesia
954, Tony, Westwick, twestwickqh@forbes.com, Male, China
955, Erie, Cuddihy, ecuddihyqi@jugem.jp, Male, Colombia
956, Randy, Balderstone, rbalderstoneqj@so-net.ne.jp, Male, Brazil
957, Justinian, Camble, jcambleqk@msu.edu, Male, Sweden
958, Augustina, Cremin, acreminql@npr.org, Female, China
959, Cristina, Trueman, ctruemanqm@youku.com, Female, Czech Republic
960, Oberon, Ianno, oiannoqn@aol.com, Male, Kazakhstan
961, Florence, Halifax, fhalifaxqo@ask.com, Female, Indonesia
962, Florette, Bodycombe, fbodycombeqp@skype.com, Female, Ecuador
963, Clerc, Prazer, cprazerqq@elpais.com, Male, Japan
964, Verna, Moger, vmogerqr@tamu.edu, Female, China
965, Reiko, Beeton, rbeetonqs@walmart.com, Female, Ukraine
966, Stanislaus, Ibell, sibellqt@usgs.gov, Male, Nigeria
967, Merrili, OFeeny, mofeenyqu@washingtonpost.com, Female, Bulgaria
968, Merwin, Royal, mroyalqv@csmonitor.com, Male, China
969, Carling, Plues, cpluesqw@chron.com, Male, Portugal
970, Terrie, Blitz, tblitzqx@google.de, Female, France
971, Dar, Garnham, dgarnhamqy@amazon.de, Male, Republic of the Congo
972, Giacobo, Gricks, ggricksqz@wired.com, Male, Pakistan
973, Nickola, Gridley, ngridleyr0@imgur.com, Male, Russia
974, Bartie, Hadleigh, bhadleighr1@geocities.jp, Male, China
975, Mollie, Norrington, mnorringtonr2@uiuc.edu, Female, Philippines
976, Layton, Weightman, lweightmanr3@amazon.com, Male, Cameroon
977, Cammy, Willerstone, cwillerstoner4@csmonitor.com, Male, Poland
978, Axel, Gerwood, agerwoodr5@marketwatch.com, Male, Indonesia
979, Fernando, Blissitt, fblissittr6@linkedin.com, Male, China
980, Barry, Manhare, bmanharer7@vk.com, Male, Mexico
981, Mariann, Taffs, mtaffsr8@plala.or.jp, Female, Sweden
982, Lyndell, Giraudeau, lgiraudeaur9@auda.org.au, Female, China
983, Natty, Calwell, ncalwellra@mozilla.org, Female, Brazil
984, Al, Learie, alearierb@paginegialle.it, Male, United States
985, Breanne, Ginger, bgingerrc@cyberchimps.com, Female, China
986, Ernie, Abberley, eabberleyrd@walmart.com, Male, Kazakhstan
987, Nigel, Ikins, nikinsre@google.nl, Male, China
988, Roana, Clemanceau, rclemanceaurf@geocities.com, Female, Canada
989, Tera, Olivas, tolivasrg@arstechnica.com, Female, Sweden
990, Alanson, Danett, adanettrh@slashdot.org, Male, Malaysia
991, Aluin, Weathey, aweatheyri@dyndns.org, Male, China
992, Niall, Vakhonin, nvakhoninrj@mlb.com, Male, Sweden
993, Lane, Veasey, lveaseyrk@aol.com, Female, Ukraine
994, Betteanne, Normadell, bnormadellrl@creativecommons.org, Female, Brazil
995, Claudell, Capner, ccapnerrm@quantcast.com, Male, Indonesia
996, Dela, Vere, dverern@themeforest.net, Female, Vietnam
997, Sib, Stading, sstadingro@elpais.com, Female, Brazil
998, Quentin, Arnoud, qarnoudrp@archive.org, Male, Poland
999, Colleen, Steptoe, csteptoerq@buzzfeed.com, Female, Russia
1000, Paton, Labbet, plabbetrr@opera.com, Male, Ireland